Name,Username,Password,OU
Aivo Teder,aivo.teder,P@ssw0rd1,Muuk
Andres Karl Kukk,andres.karl.kukk,P@ssw0rd2,Personal
Anette Kuusk,anette.kuusk,P@ssw0rd3,Raamatupidamine
Annabel Jürgens,annabel.jurgens,P@ssw0rd4,Personal
Annabel Saar,annabel.saar,P@ssw0rd5,Muuk
Anne-Mai Koppel,anne.mai.koppel,P@ssw0rd6,Muuk
Anneli Koppel,anneli.koppel,P@ssw0rd7,Toimetajad
Anneli Pihl,anneli.pihl,P@ssw0rd8,Raamatupidamine
Anneli Roos,anneli.roos,P@ssw0rd9,IT
Annika Koppel,annika.koppel,P@ssw0rd10,IT
Annika Rand,annika.rand,P@ssw0rd11,Juhtkond
Erki Niit,erki.niit,P@ssw0rd12,Haldus
Evelin Koppel,evelin.koppel,P@ssw0rd13,IT
Evelin Mets,evelin.mets,P@ssw0rd14,Juhtkond
Evelin Rand,evelin.rand,P@ssw0rd15,Raamatupidamine
Evelin Soosaar,evelin.soosaar,P@ssw0rd16,Personal
Grete Maasikas,grete.maasikas,P@ssw0rd17,Personal
Grete Oja,grete.oja,P@ssw0rd18,Toimetajad
Grete Rand,grete.rand,P@ssw0rd19,Muuk
Grete Teder,grete.teder,P@ssw0rd20,Juhtkond
Hannes Maasik,hannes.maasik,P@ssw0rd21,Raamatupidamine
Hannes Rõõm,hannes.room,P@ssw0rd22,Juhtkond
Heidi Katrin Pärn,heidi.katrin.parn,P@ssw0rd23,Haldus
Heidi Kuusk,heidi.kuusk,P@ssw0rd24,Muuk
Heidy Maasikas,heidy.maasikas,P@ssw0rd25,Juhtkond
Heidy Põder,heidy.poder,P@ssw0rd26,Toimetajad
Heiki Laanemets,heiki.laanemets,P@ssw0rd27,Juhtkond
Heiki Niit,heiki.niit,P@ssw0rd28,IT
Helena Vool,helena.vool,P@ssw0rd29,Personal
Hendrik Lepp,hendrik.lepp,P@ssw0rd30,Raamatupidamine
Hendrik Lill,hendrik.lill,P@ssw0rd31,Personal
Hendrik Põder,hendrik.poder,P@ssw0rd32,IT
Indrek Kask,Indrek.kask,P@ssw0rd33,Personal
Indrek Laanemets,Indrek.laanemets,P@ssw0rd34,Muuk
Jaanus Reinsalu,jaanus.reinsalu,P@ssw0rd35,IT
Janek Järv,janek.jarv,P@ssw0rd36,Muuk
Janika Laanemets,janika.laanemets,P@ssw0rd37,Raamatupidamine
Jürgen Saare,jürgen.saare,P@ssw0rd38,Juhtkond
Kaia Koppel,kaia.koppel,P@ssw0rd39,Muuk
Kaia Kuusk,kaia.kuusk,P@ssw0rd40,Haldus
Kaia Lepp,kaia.lepp,P@ssw0rd41,Toimetajad
Kaia Lill,kaia.lill,P@ssw0rd42,Juhtkond
Kairit Põder,kairit.poder,P@ssw0rd43,Muuk
Kairit Rand,kairit.rand,P@ssw0rd44,IT
Karina Mets,karina.mets,P@ssw0rd45,Raamatupidamine
Karina Oja,karina.oja,P@ssw0rd46,Toimetajad
Karina Õun,karina.oun,P@ssw0rd47,IT
Karl Hendrik Roos,karl.hendrik.roos,P@ssw0rd48,Haldus
Karmen Pihl,karmen.pihl,P@ssw0rd49,Haldus
Karmen Veer,karmen.veer,P@ssw0rd50,Juhtkond
Karolin Lepp,karolin.lepp,P@ssw0rd51,Juhtkond
Karolin Teder,karolin.teder,P@ssw0rd52,Personal
Keidi Jürgens,keidi.jürgens,P@ssw0rd53,Raamatupidamine
Kertu Pihl,kertu.pihl,P@ssw0rd54,Raamatupidamine
Kertu Rand,kertu.rand,P@ssw0rd55,Toimetajad
Kristel Õis,kristel.ois,P@ssw0rd56,Toimetajad
Kristiina Rand,kristiina.rand,P@ssw0rd57,Haldus
Kristiina Reet Lepp,kristiina.reet.lepp,P@ssw0rd58,Personal
Kristjan Laanemets,kristjan.laanemets,P@ssw0rd59,Toimetajad
Kristjan Vool,kristjan.vool,P@ssw0rd60,IT
Kristo Oja,kristo.oja,P@ssw0rd61,Muuk
Kristo Rand,kristo.rand,P@ssw0rd62,Raamatupidamine
Kristo Õun,kristo.oun,P@ssw0rd63,Juhtkond
Kätlin Anette Laanemets,katlin.anette.laanemets,P@ssw0rd64,IT
Kätlin Oja,katlin.oja,P@ssw0rd65,Haldus
Kätlin Roos,katlin.roos,P@ssw0rd66,Toimetajad
Laura Õun,laura.oun,P@ssw0rd67,Muuk
Lauri Tamme,lauri.tamme,P@ssw0rd68,IT
Leelo Kuusk,leelo.kuusk,P@ssw0rd69,Raamatupidamine
Liina Maasikas,liina.maasikas,P@ssw0rd70,Juhtkond
Liisa Kristi Kivimägi,liisa.kristi.kivimagi,P@ssw0rd71,IT
Liisa Oja,liisa.oja,P@ssw0rd72,Juhtkond
Liisi Teder,liisi.teder,P@ssw0rd73,Personal
Liisi Vool,liisi.vool,P@ssw0rd74,Toimetajad
Maarja Saar,maarja.saar,P@ssw0rd75,Personal
Maarja Õis,maarja.ois,P@ssw0rd76,Juhtkond
Madis Kuusk,madis.kuusk,P@ssw0rd77,Toimetajad
Madis Kuusk,madis.kuusk,P@ssw0rd78,Juhtkond
Madis Roos,madis.roos,P@ssw0rd79,Muuk
Madis Tamme,madis.tamme,P@ssw0rd80,Raamatupidamine
Madis Vool,madis.vool,P@ssw0rd81,Haldus
Margus Reinsalu,margus.reinsalu,P@ssw0rd82,IT
Mari-Liis Kask,mari-liis.kask,P@ssw0rd83,IT
Maris Pehk,maris.pehk,P@ssw0rd84,Haldus
Mark Saare,mark.saare,P@ssw0rd85,Muuk
Marko Õun,marko.oun,P@ssw0rd86,Personal
Mart Maasikas,mart.maasikas,P@ssw0rd87,IT
Mart Saar,mart.saar,P@ssw0rd88,Personal
Marten Roos,marten.roos,P@ssw0rd89,Haldus
Marten Saare,marten.saare,P@ssw0rd90,Toimetajad
Marten Vool,marten.vool,P@ssw0rd91,Muuk
Martin Maasik,martin.maasik,P@ssw0rd92,Haldus
Martin Teder,martin.teder,P@ssw0rd93,Toimetajad
Martti Oja,martti.oja,P@ssw0rd94,Raamatupidamine
Meelis Kaasik,meelis.kaasik,P@ssw0rd95,Personal
Meelis Põder,meelis.poder,P@ssw0rd96,Toimetajad
Mihkel Oja,mihkel.oja,P@ssw0rd97,Juhtkond
Oliver Lepp,oliver.lepp,P@ssw0rd98,Haldus
Oliver Maasik,oliver.maasik,P@ssw0rd99,Raamatupidamine
Oliver Pihl,oliver.pihl,P@ssw0rd100,Haldus
Oliver Teder,oliver.teder,P@ssw0rd101,Toimetajad
Oskar Tamm,oskar.tamm,P@ssw0rd102,Raamatupidamine
Priit Martin Tamm,priit.martin.tamm,P@ssw0rd103,IT
Priit Põder,priit.poder,P@ssw0rd104,Muuk
Priit Tamme,priit.tamme,P@ssw0rd105,Haldus
Priit Õun,priit.oun,P@ssw0rd106,Raamatupidamine
Raimo Lill,raimo.lill,P@ssw0rd107,Raamatupidamine
Raimo Lille,raimo.lille,P@ssw0rd108,Haldus
Raimo Põder,raimo.poder,P@ssw0rd109,Personal
Rainer Tamme,rainer.tamme,P@ssw0rd110,Juhtkond
Rainer Vaher,rainer.vaher,P@ssw0rd111,IT
Rita Mari Rand,rita.mari.rand,P@ssw0rd112,Haldus
Sander Laanemets,sander.laanemets,P@ssw0rd113,IT
Sandra Maasikas,sandra.maasikas,P@ssw0rd114,Toimetajad
Sandra Oja,sandra.oja,P@ssw0rd115,Personal
Sandra Tamme,sandra.tamme,P@ssw0rd116,Muuk
Siim Mihkel Mets,siim.mihkel.mets,P@ssw0rd117,IT
Siiri Koppel,siiri.koppel,P@ssw0rd118,Haldus
Siiri Kuusk,siiri.kuusk,P@ssw0rd119,Toimetajad
Siiri Mets,siiri.mets,P@ssw0rd120,Raamatupidamine
Siiri Teder,siiri.teder,P@ssw0rd121,Raamatupidamine
Sirje Lille,sirje.lille,P@ssw0rd122,Muuk
Taavi Reet Mets,taavi.reet.mets,P@ssw0rd123,Personal
Taavi Uibo,taavi.uibo,P@ssw0rd124,Haldus
Taivo Järv,taivo.jarv,P@ssw0rd125,Juhtkond
Taivo Mets,taivo.mets,P@ssw0rd126,Toimetajad
Tarmo Kuusk,tarmo.kuusk,P@ssw0rd127,Juhtkond
Tiina Järv,tiina.jarv,P@ssw0rd128,Muuk
Triin Evelin Rõigas,triin.evelin.roigas,P@ssw0rd129,IT
Tõnu Kask,tonu.kask,P@ssw0rd130,Personal
Uku Maasik,uku.maasik,P@ssw0rd131,Haldus
Viivi Saare,viivi.saare,P@ssw0rd132,Raamatupidamine
